<?xml version="1.0" encoding="UTF-8"?>
<model package="crosslinks" baseClass="xPDOObject" platform="mysql" defaultEngine="InnoDB" phpdoc-package="crosslinks" phpdoc-subpackage="model" version="1.1">
    <object class="CrosslinksLink" table="crosslinks_link" extends="xPDOSimpleObject">
        <field key="text" dbtype="varchar" precision="255" phptype="string" null="false" default=""/>
        <field key="resource" dbtype="int" precision="10" attributes="unsigned" phptype="integer" null="false" default="0"/>
        <field key="parameter" dbtype="text" phptype="string" null="true"/>
        <field key="createdon" dbtype="timestamp" phptype="timestamp" null="true"/>
        <field key="createdby" dbtype="int" precision="11" phptype="integer" null="false" default="0"/>
        <field key="editedon" dbtype="timestamp" phptype="timestamp" null="true"/>
        <field key="editedby" dbtype="int" precision="11" phptype="integer" null="false" default="0"/>

        <aggregate alias="Resource" class="modResource" local="resource" foreign="id" cardinality="one" owner="foreign"/>
        <aggregate alias="Creator" class="modUser" local="createdby" foreign="id" cardinality="one" owner="foreign"/>
        <aggregate alias="Editor" class="modUser" local="editedby" foreign="id" cardinality="one" owner="foreign"/>
    </object>
</model>
